wineid,invid
123,INV_001
124,INV_002
125,INV_003
126,INV_004
127,INV_005
128,INV_006
129,INV_007
130,INV_008
131,INV_009
132,INV_010
133,INV_011
134,INV_012
135,INV_013
136,INV_014
137,INV_015
138,INV_016
139,INV_017
140,INV_018
141,INV_019
142,INV_020
143,INV_021
144,INV_022
145,INV_023
146,INV_024
147,INV_025
148,INV_026
149,INV_027
150,INV_028
151,INV_029
152,INV_030
153,INV_031
154,INV_032
155,INV_033
156,INV_034
157,INV_035
158,INV_015
159,INV_016
160,INV_017
161,INV_031
162,INV_032
163,INV_025
164,INV_026
165,INV_027
166,INV_016
167,INV_034
168,INV_013
169,INV_014
170,INV_015
171,INV_006
172,INV_007
173,INV_008
174,INV_009
175,INV_015
176,INV_016
177,INV_030
178,INV_031
179,INV_032
180,INV_033
181,INV_013
182,INV_014
183,INV_015
184,INV_016
185,INV_017
186,INV_018
187,INV_019
188,INV_020
189,INV_021
190,INV_022
191,INV_023
192,INV_031
193,INV_032
194,INV_033
195,INV_034
196,INV_035
197,INV_015
198,INV_016
199,INV_017
200,INV_031
201,INV_032
202,INV_025
203,INV_026
204,INV_016
205,INV_017
206,INV_027
207,INV_028
208,INV_029
209,INV_030
210,INV_031
211,INV_003
212,INV_025
213,INV_026
214,INV_027
215,INV_028
216,INV_029
217,INV_030
218,INV_031
219,INV_032
220,INV_033
221,INV_034
222,INV_035
